month,dollars
3,27.772046167264197
4,36.749108782536894
5,40.75473403312824
6,24.98646440447968
