month,dollars
3,673305.4872791532
4,741156.025926204
5,817458.4552364862
6,139099.64733973838
